Date,Year,Month,Day,Weekday,Region,Revenue,COGS,Gross_Profit,Operating_Expenses,Net_Profit,Units_Sold,Number_of_Transactions,Average_Transaction_Value,Marketing_Spend,Ad_Channel,Website_Visits,New_Customers,Returning_Customers,Customer_Acquisition_Cost,Top_Selling_Category,Customer_Satisfaction_Score,Inventory_Level,Production_Volume,Supplier_Lead_Time_Days
2022-01-01,2022,1,1,Saturday,North America,15250,9150,6100,5500,600,150,80,190.63,1000,Social Media,2500,30,50,33.33,Electronics,4.5,20000,150,5
2022-01-02,2022,1,2,Sunday,Europe,18300,10980,7320,5800,1520,180,95,192.63,1200,Google Ads,2800,35,60,34.29,Apparel,4.6,19820,160,5
2022-01-03,2022,1,3,Monday,Asia,16500,9900,6600,5600,1000,165,85,194.12,1100,Email,2600,32,53,34.38,Home Goods,4.4,19655,155,6
2022-01-04,2022,1,4,Tuesday,LATAM,14800,8880,5920,5400,520,148,78,189.74,950,Organic,2400,28,50,33.93,Electronics,4.5,19507,140,6
2022-01-05,2022,1,5,Wednesday,North America,17100,10260,6840,5700,1140,171,90,190.00,1150,Social Media,2700,34,56,33.82,Apparel,4.7,19336,170,5
2022-01-06,2022,1,6,Thursday,Europe,19500,11700,7800,6000,1800,195,102,191.18,1300,Google Ads,3000,38,64,34.21,Home Goods,4.6,19141,180,5
2022-01-07,2022,1,7,Friday,Asia,17800,10680,7120,5800,1320,178,92,193.48,1200,Email,2800,36,56,33.33,Electronics,4.5,18963,175,6
2022-01-08,2022,1,8,Saturday,LATAM,16200,9720,6480,5600,880,162,85,190.59,1050,Organic,2600,31,54,33.87,Apparel,4.4,18801,160,6
2022-01-09,2022,1,9,Sunday,North America,18900,11340,7560,5900,1660,189,98,192.86,1250,Social Media,2900,37,61,33.78,Home Goods,4.6,18612,185,5
2022-01-10,2022,1,10,Monday,Europe,21000,12600,8400,6200,2200,210,110,190.91,1400,Google Ads,3200,40,70,35.00,Electronics,4.7,18402,200,5
2022-01-11,2022,1,11,Tuesday,Asia,19200,11520,7680,6000,1680,192,100,192.00,1300,Email,3000,38,62,34.21,Apparel,4.5,18210,190,6
2022-01-12,2022,1,12,Wednesday,LATAM,17500,10500,7000,5800,1200,175,92,190.22,1150,Organic,2800,34,58,33.82,Home Goods,4.4,18035,170,6
2022-01-13,2022,1,13,Thursday,North America,20500,12300,8200,6100,2100,205,105,195.24,1350,Social Media,3100,39,66,34.62,Electronics,4.6,17830,200,5
2022-01-14,2022,1,14,Friday,Europe,22500,13500,9000,6400,2600,225,115,195.65,1500,Google Ads,3400,42,73,35.71,Apparel,4.7,17605,220,5
2022-01-15,2022,1,15,Saturday,Asia,20800,12480,8320,6200,2120,208,108,192.59,1400,Email,3200,40,68,35.00,Home Goods,4.5,17397,210,6
2022-01-16,2022,1,16,Sunday,LATAM,18800,11280,7520,6000,1520,188,98,191.84,1250,Organic,3000,36,62,34.72,Electronics,4.4,17209,185,6
2022-01-17,2022,1,17,Monday,North America,22000,13200,8800,6300,2500,220,112,196.43,1450,Social Media,3300,41,71,35.37,Apparel,4.7,16989,215,5
2022-01-18,2022,1,18,Tuesday,Europe,24000,14400,9600,6600,3000,240,122,196.72,1600,Google Ads,3600,45,77,35.56,Home Goods,4.8,16749,240,5
2022-01-19,2022,1,19,Wednesday,Asia,22200,13320,8880,6400,2480,222,114,194.74,1500,Email,3400,42,72,35.71,Electronics,4.6,16527,220,6
2022-01-20,2022,1,20,Thursday,LATAM,20000,12000,8000,6200,1800,200,104,192.31,1350,Organic,3200,38,66,35.53,Apparel,4.5,16327,200,6
2022-01-21,2022,1,21,Friday,North America,23500,14100,9400,6500,2900,235,120,195.83,1550,Social Media,3500,44,76,35.23,Home Goods,4.7,16092,230,5
2022-01-22,2022,1,22,Saturday,Europe,25500,15300,10200,6800,3400,255,130,196.15,1700,Google Ads,3800,48,82,35.42,Electronics,4.8,15837,250,5
2022-01-23,2022,1,23,Sunday,Asia,23800,14280,9520,6600,2920,238,122,195.08,1600,Email,3600,45,77,35.56,Apparel,4.6,15599,235,6
2022-01-24,2022,1,24,Monday,LATAM,21500,12900,8600,6400,2200,215,110,195.45,1450,Organic,3400,40,70,36.25,Home Goods,4.5,15384,210,6
2022-01-25,2022,1,25,Tuesday,North America,25000,15000,10000,6700,3300,250,128,195.31,1650,Social Media,3700,47,81,35.11,Electronics,4.7,15134,245,5
2022-01-26,2022,1,26,Wednesday,Europe,27000,16200,10800,7000,3800,270,138,195.65,1800,Google Ads,4000,50,88,36.00,Apparel,4.8,14864,265,5
2022-01-27,2022,1,27,Thursday,Asia,25200,15120,10080,6800,3280,252,128,196.88,1700,Email,3800,48,84,35.42,Home Goods,4.6,14612,250,6
2022-01-28,2022,1,28,Friday,LATAM,23000,13800,9200,6600,2600,230,118,194.92,1550,Organic,3600,42,76,36.90,Electronics,4.5,14382,225,6
2022-01-29,2022,1,29,Saturday,North America,26500,15900,10600,6900,3700,265,135,196.30,1750,Social Media,3900,49,86,35.71,Apparel,4.7,14117,260,5
2022-01-30,2022,1,30,Sunday,Europe,28500,17100,11400,7200,4200,285,145,196.55,1900,Google Ads,4200,52,93,36.54,Home Goods,4.8,13832,280,5
2022-01-31,2022,1,31,Monday,Asia,26800,16080,10720,7000,3720,268,136,197.06,1800,Email,4000,50,88,36.00,Electronics,4.6,13564,265,6
2022-02-01,2022,2,1,Tuesday,LATAM,24500,14700,9800,6800,3000,245,125,196.00,1650,Organic,3800,45,80,36.67,Apparel,4.5,13319,240,6
2022-02-02,2022,2,2,Wednesday,North America,28000,16800,11200,7100,4100,280,142,197.18,1850,Social Media,4100,51,91,36.27,Home Goods,4.7,13039,275,5
2022-02-03,2022,2,3,Thursday,Europe,30000,18000,12000,7400,4600,300,152,197.37,2000,Google Ads,4400,55,98,36.36,Electronics,4.8,12739,300,5
2022-02-04,2022,2,4,Friday,Asia,28200,16920,11280,7200,4080,282,144,195.83,1900,Email,4200,52,92,36.54,Apparel,4.6,12457,280,6
2022-02-05,2022,2,5,Saturday,LATAM,26000,15600,10400,7000,3400,260,132,196.97,1750,Organic,4000,48,85,36.46,Home Goods,4.5,12197,255,6
2022-02-06,2022,2,6,Sunday,North America,29500,17700,11800,7300,4500,295,150,196.67,1950,Social Media,4300,54,96,36.11,Electronics,4.7,11902,290,5
2022-02-07,2022,2,7,Monday,Europe,31500,18900,12600,7600,5000,315,160,196.88,2100,Google Ads,4600,58,102,36.21,Apparel,4.8,11587,310,5
2022-02-08,2022,2,8,Tuesday,Asia,29800,17880,11920,7400,4520,298,152,196.05,2000,Email,4400,55,98,36.36,Home Goods,4.6,11289,295,6
2022-02-09,2022,2,9,Wednesday,LATAM,27500,16500,11000,7200,3800,275,140,196.43,1850,Organic,4200,50,89,37.00,Electronics,4.5,11014,270,6
2022-02-10,2022,2,10,Thursday,North America,31000,18600,12400,7500,4900,310,158,196.20,2050,Social Media,4500,57,101,35.96,Apparel,4.7,10704,305,5
2022-02-11,2022,2,11,Friday,Europe,33000,19800,13200,7800,5400,330,168,196.43,2200,Google Ads,4800,60,108,36.67,Home Goods,4.8,10374,325,5
2022-02-12,2022,2,12,Saturday,Asia,31200,18720,12480,7600,4880,312,158,197.47,2100,Email,4600,58,103,36.21,Electronics,4.6,10062,310,6
2022-02-13,2022,2,13,Sunday,LATAM,29000,17400,11600,7400,4200,290,148,195.95,1950,Organic,4400,52,94,37.50,Apparel,4.5,9772,285,6
2022-02-14,2022,2,14,Monday,North America,35000,21000,14000,8000,6000,350,178,196.63,2400,Social Media,5200,65,113,36.92,Home Goods,4.9,9422,350,5
2022-02-15,2022,2,15,Tuesday,Europe,34500,20700,13800,7900,5900,345,175,197.14,2300,Google Ads,5000,62,113,37.10,Electronics,4.8,9077,340,5
2022-02-16,2022,2,16,Wednesday,Asia,32800,19680,13120,7700,5420,328,166,197.59,2200,Email,4800,60,108,36.67,Apparel,4.6,8749,325,6
2022-02-17,2022,2,17,Thursday,LATAM,30500,18300,12200,7500,4700,305,155,196.77,2050,Organic,4600,55,99,37.27,Home Goods,4.5,8444,300,6
2022-02-18,2022,2,18,Friday,North America,34000,20400,13600,7800,5800,340,172,197.67,2250,Social Media,4900,61,111,36.89,Electronics,4.7,8104,335,5
2022-02-19,2022,2,19,Saturday,Europe,36000,21600,14400,8100,6300,360,182,197.80,2400,Google Ads,5200,65,117,36.92,Apparel,4.8,7744,355,5
2022-02-20,2022,2,20,Sunday,Asia,34200,20520,13680,7900,5780,342,173,197.69,2300,Email,5000,62,112,37.10,Home Goods,4.6,7402,340,6
2022-02-21,2022,2,21,Monday,LATAM,32000,19200,12800,7700,5100,320,162,197.53,2150,Organic,4800,58,105,37.07,Electronics,4.5,7082,315,6
2022-02-22,2022,2,22,Tuesday,North America,35500,21300,14200,8000,6200,355,180,197.22,2350,Social Media,5100,64,116,36.72,Apparel,4.7,6727,350,5
2022-02-23,2022,2,23,Wednesday,Europe,37500,22500,15000,8300,6700,375,190,197.37,2500,Google Ads,5400,68,122,36.76,Home Goods,4.8,6352,370,5
2022-02-24,2022,2,24,Thursday,Asia,35800,21480,14320,8100,6220,358,181,197.79,2400,Email,5200,65,117,36.92,Electronics,4.6,5994,355,6
2022-02-25,2022,2,25,Friday,LATAM,33500,20100,13400,7900,5500,335,170,197.06,2250,Organic,5000,60,110,37.50,Apparel,4.5,5659,330,6
2022-02-26,2022,2,26,Saturday,North America,37000,22200,14800,8200,6600,370,187,197.86,2450,Social Media,5300,67,120,36.57,Home Goods,4.7,5289,365,5
2022-02-27,2022,2,27,Sunday,Europe,39000,23400,15600,8500,7100,390,197,197.97,2600,Google Ads,5600,70,127,37.14,Electronics,4.8,4899,385,5
2022-02-28,2022,2,28,Monday,Asia,37200,22320,14880,8300,6580,372,188,197.87,2500,Email,5400,68,123,36.76,Apparel,4.6,4527,370,6
2022-03-01,2022,3,1,Tuesday,LATAM,35000,21000,14000,8100,5900,350,177,197.74,2350,Organic,5200,62,115,37.90,Home Goods,4.5,4177,345,6
2022-03-02,2022,3,2,Wednesday,North America,38500,23100,15400,8400,7000,385,195,197.44,2550,Social Media,5500,69,126,36.96,Electronics,4.7,3792,380,5
2022-03-03,2022,3,3,Thursday,Europe,40500,24300,16200,8700,7500,405,205,197.56,2700,Google Ads,5800,72,133,37.50,Apparel,4.8,3387,400,5
2022-03-04,2022,3,4,Friday,Asia,38800,23280,15520,8500,7020,388,196,197.96,2600,Email,5600,70,128,37.14,Home Goods,4.6,3000,385,6
2022-03-05,2022,3,5,Saturday,LATAM,36500,21900,14600,8300,6300,365,185,197.30,2450,Organic,5400,65,120,37.69,Electronics,4.5,2635,360,6
2022-03-06,2022,3,6,Sunday,North America,40000,24000,16000,8600,7400,400,202,198.02,2650,Social Media,5700,71,131,37.32,Apparel,4.7,2235,395,5
2022-03-07,2022,3,7,Monday,Europe,42000,25200,16800,8900,7900,420,212,198.11,2800,Google Ads,6000,75,138,37.33,Home Goods,4.8,1815,415,5
2022-03-08,2022,3,8,Tuesday,Asia,40200,24120,16080,8700,7380,402,203,198.03,2700,Email,5800,72,133,37.50,Electronics,4.6,1413,400,6
2022-03-09,2022,3,9,Wednesday,LATAM,38000,22800,15200,8500,6700,380,192,197.92,2550,Organic,5600,68,125,37.50,Apparel,4.5,1033,375,6
2022-03-10,2022,3,10,Thursday,North America,41500,24900,16600,8800,7800,415,210,197.62,2750,Social Media,5900,74,136,37.16,Home Goods,4.7,618,410,5
2022-03-11,2022,3,11,Friday,Europe,43500,26100,17400,9100,8300,435,220,197.73,2900,Google Ads,6200,78,143,37.18,Electronics,4.8,203,430,5
2022-03-12,2022,3,12,Saturday,Asia,41800,25080,16720,8900,7820,418,211,198.10,2800,Email,6000,75,138,37.33,Apparel,4.6,5000,415,6
2022-03-13,2022,3,13,Sunday,LATAM,39500,23700,15800,8700,7100,395,200,197.50,2650,Organic,5800,70,130,37.86,Home Goods,4.5,4605,390,6
2022-03-14,2022,3,14,Monday,North America,43000,25800,17200,9000,8200,430,217,198.16,2850,Social Media,6100,77,141,37.01,Electronics,4.7,4175,425,5
2022-03-15,2022,3,15,Tuesday,Europe,45000,27000,18000,9300,8700,450,227,198.24,3000,Google Ads,6400,80,148,37.50,Apparel,4.8,3725,445,5
2022-03-16,2022,3,16,Wednesday,Asia,43200,25920,17280,9100,8180,432,218,198.17,2900,Email,6200,78,143,37.18,Home Goods,4.6,3293,430,6
2022-03-17,2022,3,17,Thursday,LATAM,41000,24600,16400,8900,7500,410,207,198.07,2750,Organic,6000,74,136,37.16,Electronics,4.5,2883,405,6
2022-03-18,2022,3,18,Friday,North America,44500,26700,17800,9200,8600,445,225,197.78,2950,Social Media,6300,79,146,37.34,Apparel,4.7,2438,440,5
2022-03-19,2022,3,19,Saturday,Europe,46500,27900,18600,9500,9100,465,235,197.87,3100,Google Ads,6600,82,153,37.80,Home Goods,4.8,1973,460,5
2022-03-20,2022,3,20,Sunday,Asia,44800,26880,17920,9300,8620,448,226,198.23,3000,Email,6400,80,148,37.50,Electronics,4.6,1525,445,6
2022-03-21,2022,3,21,Monday,LATAM,42500,25500,17000,9100,7900,425,215,197.67,2850,Organic,6200,77,142,37.01,Apparel,4.5,1100,420,6
2022-03-22,2022,3,22,Tuesday,North America,46000,27600,18400,9400,9000,460,232,198.28,3050,Social Media,6500,81,151,37.65,Home Goods,4.7,640,455,5
2022-03-23,2022,3,23,Wednesday,Europe,48000,28800,19200,9700,9500,480,242,198.35,3200,Google Ads,6800,85,158,37.65,Electronics,4.8,160,475,5
2022-03-24,2022,3,24,Thursday,Asia,46200,27720,18480,9500,8980,462,233,198.28,3100,Email,6600,82,153,37.80,Apparel,4.6,5000,460,6
2022-03-25,2022,3,25,Friday,LATAM,44000,26400,17600,9300,8300,440,222,198.20,2950,Organic,6400,79,147,37.34,Home Goods,4.5,4560,435,6
2022-03-26,2022,3,26,Saturday,North America,47500,28500,19000,9600,9400,475,240,197.92,3150,Social Media,6700,84,156,37.50,Electronics,4.7,4085,470,5
2022-03-27,2022,3,27,Sunday,Europe,49500,29700,19800,9900,9900,495,250,198.00,3300,Google Ads,7000,88,163,37.50,Apparel,4.8,3590,490,5
2022-03-28,2022,3,28,Monday,Asia,47800,28680,19120,9700,9420,478,241,198.34,3200,Email,6800,85,158,37.65,Home Goods,4.6,3112,475,6
2022-03-29,2022,3,29,Tuesday,LATAM,45500,27300,18200,9500,8700,455,230,197.83,3050,Organic,6600,81,151,37.65,Electronics,4.5,2657,450,6
2022-03-30,2022,3,30,Wednesday,North America,49000,29400,19600,9800,9800,490,247,198.38,3250,Social Media,6900,87,161,37.36,Apparel,4.7,2167,485,5
2022-03-31,2022,3,31,Thursday,Europe,51000,30600,20400,10100,10300,510,257,198.44,3400,Google Ads,7200,90,167,37.78,Home Goods,4.8,1657,505,5
